{
	"IcoMoonType": "selection",
	"icons": [
		{
			"icon": {
				"paths": [
					"M768 640v-128h-320v-128h320v-128l192 192zM704 576v256h-320v192l-384-192v-832h704v320h-64v-256h-512l256 128v576h256v-192z"
				],
				"tags": [
					"exit",
					"sign out",
					"log out",
					"quit",
					"close",
					"logout"
				],
				"grid": 16
			},
			"properties": {
				"id": 260,
				"order": 1,
				"prevSize": 32,
				"code": 58880,
				"name": "exit",
				"ligatures": ""
			},
			"setIdx": 0,
			"iconIdx": 260
		},
		{
			"icon": {
				"paths": [
					"M575.87 1024h-191.87v-512h-128v-176.45l128-0.058-0.208-103.952c0-143.952 39.034-231.54 208.598-231.54h141.176v176.484h-88.23c-66.032 0-69.206 24.656-69.206 70.684l-0.262 88.324h158.69l-18.704 176.45-139.854 0.058-0.13 512z"
				],
				"tags": [
					"facebook",
					"social"
				],
				"grid": 16
			},
			"properties": {
				"id": 361,
				"order": 2,
				"prevSize": 32,
				"code": 58881,
				"name": "facebook",
				"ligatures": ""
			},
			"setIdx": 0,
			"iconIdx": 361
		},
		{
			"icon": {
				"paths": [
					"M854 0h-684c-93.5 0-170 76.5-170 170v684c0 93.5 76.5 170 170 170h684c93.5 0 170-76.5 170-170v-684c0-93.5-76.5-170-170-170zM327.8 448h368.4c6.988 20.058 10.8 41.59 10.8 64 0 107.524-87.476 195-195 195-107.524 0-195-87.476-195-195 0-22.41 3.812-43.942 10.8-64zM896 448.050v255.95 128c0 35.2-28.8 64-64 64h-640c-35.2 0-64-28.8-64-64v-128-255.95-0.050h100.108c-4.642 20.602-7.108 42.016-7.108 64 0 160.458 130.542 291 291 291 160.458 0 291-130.542 291-291 0-21.984-2.464-43.398-7.108-64l100.108 0.050zM896 224c0 17.6-14.4 32-32 32h-64c-17.6 0-32-14.4-32-32v-64c0-17.6 14.4-32 32-32h64c17.6 0 32 14.4 32 32v64z"
				],
				"tags": [
					"instagram",
					"social"
				],
				"grid": 16
			},
			"properties": {
				"id": 364,
				"order": 4,
				"prevSize": 32,
				"code": 58886,
				"name": "instagram",
				"ligatures": ""
			},
			"setIdx": 0,
			"iconIdx": 364
		},
		{
			"icon": {
				"paths": [
					"M1024 194.418c-37.676 16.708-78.164 28.002-120.66 33.080 43.372-26 76.686-67.17 92.372-116.23-40.596 24.078-85.556 41.56-133.41 50.98-38.32-40.83-92.922-66.34-153.346-66.34-116.022 0-210.088 94.058-210.088 210.078 0 16.466 1.858 32.5 5.44 47.878-174.6-8.764-329.402-92.4-433.018-219.506-18.084 31.028-28.446 67.116-28.446 105.618 0 72.888 37.088 137.192 93.46 174.866-34.438-1.092-66.832-10.542-95.154-26.278-0.020 0.876-0.020 1.756-0.020 2.642 0 101.788 72.418 186.696 168.522 206-17.626 4.8-36.188 7.372-55.348 7.372-13.538 0-26.698-1.32-39.528-3.772 26.736 83.46 104.32 144.206 196.252 145.896-71.9 56.35-162.486 89.934-260.916 89.934-16.958 0-33.68-0.994-50.116-2.94 92.972 59.61 203.402 94.394 322.042 94.394 386.422 0 597.736-320.124 597.736-597.744 0-9.108-0.206-18.168-0.61-27.18 41.056-29.62 76.672-66.62 104.836-108.748z"
				],
				"tags": [
					"twitter",
					"tweet",
					"social"
				],
				"grid": 16
			},
			"properties": {
				"id": 365,
				"order": 3,
				"prevSize": 32,
				"code": 58882,
				"name": "twitter",
				"ligatures": ""
			},
			"setIdx": 0,
			"iconIdx": 365
		}
	],
	"height": 1024,
	"metadata": {
		"name": "icomoon"
	},
	"preferences": {
		"fontPref": {
			"prefix": "icon-",
			"metadata": {
				"fontFamily": "icomoon"
			},
			"showGlyphs": true,
			"metrics": {
				"emSize": 1024,
				"baseline": 6.25,
				"whitespace": 50
			},
			"resetPoint": 58880,
			"showQuickUse": true,
			"quickUsageToken": false,
			"showMetrics": true,
			"showMetadata": false
		},
		"imagePref": {
			"color": 0,
			"height": 32,
			"columns": 16,
			"margin": 16,
			"png": false,
			"sprites": true,
			"prefix": "icon-"
		},
		"historySize": 100,
		"showCodes": true,
		"gridSize": 16,
		"showLiga": false,
		"showGrid": true,
		"showGlyphs": true,
		"showQuickUse": true,
		"showSVGs": true,
		"search": "",
		"showQuickUse2": true
	}
}